<?xml version="1.0" encoding="UTF-8" standalone="yes"?>
<addon id="repository.scttvboxes" name="SCT TV Boxes Repository" version="2.0" provider-name="SCT TV Boxes">
	<extension point="xbmc.addon.repository" name="SCT TV Boxes Repository">
		<dir>
            <info compressed="false">https://raw.githubusercontent.com/auch07/scttvboxesrepo/master/zips/addons.xml</info>
            <checksum>https://raw.githubusercontent.com/auch07/scttvboxesrepo/master/zips/addons.xml.md5</checksum>
            <datadir zip="true">https://raw.githubusercontent.com/auch07/scttvboxesrepo/master/zips/</datadir>
        </dir>
	</extension>
	<extension point="xbmc.addon.metadata">
		<summary>SCT TV Boxes Repository</summary>
		<description>Official Repository Of The SCT TV Boxes Team</description>
		<disclaimer></disclaimer>
		<platform>all</platform>
        <assets>
            <icon>icon.png</icon>
            <fanart>fanart.jpg</fanart>
        </assets>
	</extension>
</addon>